SIZE,TIME 
5000,10.324558567255735
10000,41.293232690542936
15000,92.72079481184483
20000,164.42270037531853
25000,257.29061499610543
30000,370.75442412123084
